{
  "weights": [
    1.0,
    1.0,
    1.0
  ],
  "normalised_weights": [
    0.3333333333333333,
    0.3333333333333333,
    0.3333333333333333
  ],
  "model_order": [
    "densenet121",
    "googlenet",
    "resnet18"
  ],
  "optimal_threshold": 0.5,
  "cv_results": {
    "fold_accuracies": [
      0.9735494880546075,
      0.9803586678052946,
      0.9752348420153715,
      0.9752348420153715,
      0.9812126387702819
    ],
    "mean_accuracy": 0.9771180957321854,
    "std_accuracy": 0.003069033721942271,
    "n_folds": 5,
    "best_fold": 4
  }
}